{
  "Home Page-3" : {
    "transaction" : "Home Page-3",
    "sampleCount" : 14256,
    "errorCount" : 305,
    "errorPct" : 2.13945,
    "meanResTime" : 4241.708824354651,
    "medianResTime" : 2992.0,
    "minResTime" : 15.0,
    "maxResTime" : 31792.0,
    "pct1ResTime" : 8511.300000000001,
    "pct2ResTime" : 11405.3,
    "pct3ResTime" : 23278.120000000054,
    "throughput" : 45.54836318557379,
    "receivedKBytesPerSec" : 3178.7480017327052,
    "sentKBytesPerSec" : 19.588130289773346
  },
  "Home Page-4" : {
    "transaction" : "Home Page-4",
    "sampleCount" : 14256,
    "errorCount" : 2040,
    "errorPct" : 14.309764,
    "meanResTime" : 2481.191077441068,
    "medianResTime" : 1716.0,
    "minResTime" : 0.0,
    "maxResTime" : 30223.0,
    "pct1ResTime" : 4200.0,
    "pct2ResTime" : 6413.749999999998,
    "pct3ResTime" : 22535.490000000013,
    "throughput" : 45.554185067072275,
    "receivedKBytesPerSec" : 322.0009964278981,
    "sentKBytesPerSec" : 16.734940892358424
  },
  "Home Page-1" : {
    "transaction" : "Home Page-1",
    "sampleCount" : 14256,
    "errorCount" : 999,
    "errorPct" : 7.007576,
    "meanResTime" : 2350.193742985413,
    "medianResTime" : 1944.0,
    "minResTime" : 0.0,
    "maxResTime" : 30119.0,
    "pct1ResTime" : 3608.0,
    "pct2ResTime" : 5012.449999999999,
    "pct3ResTime" : 11708.76000000001,
    "throughput" : 45.970784560317306,
    "receivedKBytesPerSec" : 920.5145389438425,
    "sentKBytesPerSec" : 17.99313335892909
  },
  "Home Page-2" : {
    "transaction" : "Home Page-2",
    "sampleCount" : 14256,
    "errorCount" : 326,
    "errorPct" : 2.2867565,
    "meanResTime" : 2383.809062850712,
    "medianResTime" : 1770.0,
    "minResTime" : 0.0,
    "maxResTime" : 30151.0,
    "pct1ResTime" : 4137.300000000001,
    "pct2ResTime" : 5978.15,
    "pct3ResTime" : 16246.29,
    "throughput" : 45.85161265422172,
    "receivedKBytesPerSec" : 181.4249002845624,
    "sentKBytesPerSec" : 19.295084172654352
  },
  "Page Returning 200" : {
    "transaction" : "Page Returning 200",
    "sampleCount" : 13754,
    "errorCount" : 379,
    "errorPct" : 2.755562,
    "meanResTime" : 3455.3545877562874,
    "medianResTime" : 1496.0,
    "minResTime" : 0.0,
    "maxResTime" : 30218.0,
    "pct1ResTime" : 9358.5,
    "pct2ResTime" : 13234.5,
    "pct3ResTime" : 26758.350000000002,
    "throughput" : 44.00111330430637,
    "receivedKBytesPerSec" : 603.4077755198219,
    "sentKBytesPerSec" : 18.009669756712615
  },
  "Home Page-0" : {
    "transaction" : "Home Page-0",
    "sampleCount" : 14256,
    "errorCount" : 0,
    "errorPct" : 0.0,
    "meanResTime" : 2817.602483164981,
    "medianResTime" : 1308.0,
    "minResTime" : 18.0,
    "maxResTime" : 28606.0,
    "pct1ResTime" : 7032.000000000011,
    "pct2ResTime" : 16517.899999999998,
    "pct3ResTime" : 19057.15,
    "throughput" : 46.02926552067055,
    "receivedKBytesPerSec" : 890.7831590069612,
    "sentKBytesPerSec" : 18.87919093621253
  },
  "Total" : {
    "transaction" : "Total",
    "sampleCount" : 113057,
    "errorCount" : 7778,
    "errorPct" : 6.8797154,
    "meanResTime" : 4328.158689864329,
    "medianResTime" : 1271.0,
    "minResTime" : 0.0,
    "maxResTime" : 68793.0,
    "pct1ResTime" : 8732.0,
    "pct2ResTime" : 18661.650000000005,
    "pct3ResTime" : 34345.53000000007,
    "throughput" : 361.11332922361447,
    "receivedKBytesPerSec" : 12022.753535998501,
    "sentKBytesPerSec" : 219.24685130889486
  },
  "Home Page" : {
    "transaction" : "Home Page",
    "sampleCount" : 14441,
    "errorCount" : 3246,
    "errorPct" : 22.477667,
    "meanResTime" : 14474.261062253418,
    "medianResTime" : 12349.0,
    "minResTime" : 1.0,
    "maxResTime" : 68793.0,
    "pct1ResTime" : 28396.800000000047,
    "pct2ResTime" : 34587.7,
    "pct3ResTime" : 50933.93999999996,
    "throughput" : 46.35419341584921,
    "receivedKBytesPerSec" : 5501.278252528399,
    "sentKBytesPerSec" : 92.4263386444504
  },
  "Page Returning 404" : {
    "transaction" : "Page Returning 404",
    "sampleCount" : 13582,
    "errorCount" : 483,
    "errorPct" : 3.5561774,
    "meanResTime" : 2156.0550728905932,
    "medianResTime" : 1263.0,
    "minResTime" : 0.0,
    "maxResTime" : 30125.0,
    "pct1ResTime" : 4195.700000000001,
    "pct2ResTime" : 6726.249999999993,
    "pct3ResTime" : 20470.230000000003,
    "throughput" : 44.08080073738462,
    "receivedKBytesPerSec" : 480.9208518210269,
    "sentKBytesPerSec" : 17.603125730244454
  }
}