{
  "Home Page-3" : {
    "transaction" : "Home Page-3",
    "sampleCount" : 2794,
    "errorCount" : 0,
    "errorPct" : 0.0,
    "meanResTime" : 496.1675017895497,
    "medianResTime" : 493.0,
    "minResTime" : 14.0,
    "maxResTime" : 1251.0,
    "pct1ResTime" : 863.0,
    "pct2ResTime" : 927.0,
    "pct3ResTime" : 1023.0,
    "throughput" : 65.28952656914521,
    "receivedKBytesPerSec" : 4652.2613238713375,
    "sentKBytesPerSec" : 28.691686480581392
  },
  "Home Page-4" : {
    "transaction" : "Home Page-4",
    "sampleCount" : 2794,
    "errorCount" : 0,
    "errorPct" : 0.0,
    "meanResTime" : 380.0068002863283,
    "medianResTime" : 361.5,
    "minResTime" : 3.0,
    "maxResTime" : 944.0,
    "pct1ResTime" : 688.0,
    "pct2ResTime" : 768.25,
    "pct3ResTime" : 831.0,
    "throughput" : 65.35672514619884,
    "receivedKBytesPerSec" : 511.429139254386,
    "sentKBytesPerSec" : 28.019142909356724
  },
  "Home Page-1" : {
    "transaction" : "Home Page-1",
    "sampleCount" : 2794,
    "errorCount" : 0,
    "errorPct" : 0.0,
    "meanResTime" : 383.35003579098054,
    "medianResTime" : 369.5,
    "minResTime" : 5.0,
    "maxResTime" : 899.0,
    "pct1ResTime" : 696.0,
    "pct2ResTime" : 751.0,
    "pct3ResTime" : 821.0500000000002,
    "throughput" : 65.23312553991269,
    "receivedKBytesPerSec" : 1392.255819018351,
    "sentKBytesPerSec" : 27.456520612990587
  },
  "Home Page-2" : {
    "transaction" : "Home Page-2",
    "sampleCount" : 2794,
    "errorCount" : 0,
    "errorPct" : 0.0,
    "meanResTime" : 361.44309234073006,
    "medianResTime" : 340.0,
    "minResTime" : 3.0,
    "maxResTime" : 872.0,
    "pct1ResTime" : 660.0,
    "pct2ResTime" : 708.25,
    "pct3ResTime" : 793.0500000000002,
    "throughput" : 65.25750321149131,
    "receivedKBytesPerSec" : 260.2015484497256,
    "sentKBytesPerSec" : 28.104061441667643
  },
  "Page Returning 200" : {
    "transaction" : "Page Returning 200",
    "sampleCount" : 1961,
    "errorCount" : 0,
    "errorPct" : 0.0,
    "meanResTime" : 511.18969913309525,
    "medianResTime" : 276.0,
    "minResTime" : 66.0,
    "maxResTime" : 15696.0,
    "pct1ResTime" : 462.79999999999995,
    "pct2ResTime" : 525.8999999999999,
    "pct3ResTime" : 13291.279999999999,
    "throughput" : 51.32298673087492,
    "receivedKBytesPerSec" : 720.3762580887355,
    "sentKBytesPerSec" : 21.601764922858486
  },
  "Home Page-0" : {
    "transaction" : "Home Page-0",
    "sampleCount" : 2794,
    "errorCount" : 0,
    "errorPct" : 0.0,
    "meanResTime" : 7459.278095919836,
    "medianResTime" : 348.5,
    "minResTime" : 20.0,
    "maxResTime" : 30013.0,
    "pct1ResTime" : 28244.0,
    "pct2ResTime" : 28867.5,
    "pct3ResTime" : 29607.1,
    "throughput" : 68.75169172469795,
    "receivedKBytesPerSec" : 1330.519799715175,
    "sentKBytesPerSec" : 28.198936058958143
  },
  "Total" : {
    "transaction" : "Total",
    "sampleCount" : 21675,
    "errorCount" : 1062,
    "errorPct" : 4.899654,
    "meanResTime" : 3932.8295271049637,
    "medianResTime" : 427.0,
    "minResTime" : 3.0,
    "maxResTime" : 32859.0,
    "pct1ResTime" : 27669.800000000003,
    "pct2ResTime" : 30042.0,
    "pct3ResTime" : 31245.0,
    "throughput" : 505.2094259142718,
    "receivedKBytesPerSec" : 17317.515788705045,
    "sentKBytesPerSec" : 314.87115101945085
  },
  "Home Page" : {
    "transaction" : "Home Page",
    "sampleCount" : 3856,
    "errorCount" : 1062,
    "errorPct" : 27.541494,
    "meanResTime" : 15138.665456431565,
    "medianResTime" : 3990.5,
    "minResTime" : 238.0,
    "maxResTime" : 32859.0,
    "pct1ResTime" : 30574.3,
    "pct2ResTime" : 31254.15,
    "pct3ResTime" : 31956.72,
    "throughput" : 89.87716476703261,
    "receivedKBytesPerSec" : 8121.587778680978,
    "sentKBytesPerSec" : 138.70574500909026
  },
  "Page Returning 404" : {
    "transaction" : "Page Returning 404",
    "sampleCount" : 1888,
    "errorCount" : 0,
    "errorPct" : 0.0,
    "meanResTime" : 263.10222457627117,
    "medianResTime" : 244.0,
    "minResTime" : 70.0,
    "maxResTime" : 564.0,
    "pct1ResTime" : 407.0,
    "pct2ResTime" : 453.0,
    "pct3ResTime" : 504.1099999999999,
    "throughput" : 63.13747784503228,
    "receivedKBytesPerSec" : 709.3717603584925,
    "sentKBytesPerSec" : 26.142861920208677
  }
}