{
  "Home Page-3" : {
    "transaction" : "Home Page-3",
    "sampleCount" : 1519,
    "errorCount" : 0,
    "errorPct" : 0.0,
    "meanResTime" : 4035.6675444371294,
    "medianResTime" : 3839.0,
    "minResTime" : 136.0,
    "maxResTime" : 18849.0,
    "pct1ResTime" : 7163.0,
    "pct2ResTime" : 7685.0,
    "pct3ResTime" : 9394.799999999996,
    "throughput" : 33.19275397154907,
    "receivedKBytesPerSec" : 2365.178209265673,
    "sentKBytesPerSec" : 14.586659460153399
  },
  "Home Page-4" : {
    "transaction" : "Home Page-4",
    "sampleCount" : 1519,
    "errorCount" : 47,
    "errorPct" : 3.0941408,
    "meanResTime" : 2308.643844634628,
    "medianResTime" : 2517.0,
    "minResTime" : 0.0,
    "maxResTime" : 7137.0,
    "pct1ResTime" : 4065.0,
    "pct2ResTime" : 4645.0,
    "pct3ResTime" : 4933.599999999999,
    "throughput" : 33.21961247430346,
    "receivedKBytesPerSec" : 254.48141084257315,
    "sentKBytesPerSec" : 13.80095569260377
  },
  "Home Page-1" : {
    "transaction" : "Home Page-1",
    "sampleCount" : 1519,
    "errorCount" : 67,
    "errorPct" : 4.4107966,
    "meanResTime" : 2491.350888742594,
    "medianResTime" : 2094.0,
    "minResTime" : 0.0,
    "maxResTime" : 9191.0,
    "pct1ResTime" : 5095.0,
    "pct2ResTime" : 6124.0,
    "pct3ResTime" : 7211.399999999999,
    "throughput" : 35.386479056981784,
    "receivedKBytesPerSec" : 725.8429431973046,
    "sentKBytesPerSec" : 14.237164684573452
  },
  "Home Page-2" : {
    "transaction" : "Home Page-2",
    "sampleCount" : 1519,
    "errorCount" : 15,
    "errorPct" : 0.9874918,
    "meanResTime" : 2145.6372613561557,
    "medianResTime" : 1776.0,
    "minResTime" : 6.0,
    "maxResTime" : 16528.0,
    "pct1ResTime" : 3978.0,
    "pct2ResTime" : 4684.0,
    "pct3ResTime" : 6705.199999999997,
    "throughput" : 34.9782393441868,
    "receivedKBytesPerSec" : 138.95685845643263,
    "sentKBytesPerSec" : 14.91511617196675
  },
  "Page Returning 200" : {
    "transaction" : "Page Returning 200",
    "sampleCount" : 833,
    "errorCount" : 1,
    "errorPct" : 0.12004802,
    "meanResTime" : 2163.4585834333716,
    "medianResTime" : 1579.0,
    "minResTime" : 174.0,
    "maxResTime" : 17168.0,
    "pct1ResTime" : 3147.2,
    "pct2ResTime" : 4330.9,
    "pct3ResTime" : 16733.18,
    "throughput" : 20.42768159301584,
    "receivedKBytesPerSec" : 286.43096844499485,
    "sentKBytesPerSec" : 8.587657560449262
  },
  "Home Page-0" : {
    "transaction" : "Home Page-0",
    "sampleCount" : 1519,
    "errorCount" : 0,
    "errorPct" : 0.0,
    "meanResTime" : 6842.676102699131,
    "medianResTime" : 8492.0,
    "minResTime" : 342.0,
    "maxResTime" : 15455.0,
    "pct1ResTime" : 12416.0,
    "pct2ResTime" : 13015.0,
    "pct3ResTime" : 13968.6,
    "throughput" : 35.50309687974758,
    "receivedKBytesPerSec" : 687.0750692050368,
    "sentKBytesPerSec" : 14.561817079583967
  },
  "Total" : {
    "transaction" : "Total",
    "sampleCount" : 10575,
    "errorCount" : 264,
    "errorPct" : 2.496454,
    "meanResTime" : 5385.716784869971,
    "medianResTime" : 2709.0,
    "minResTime" : 0.0,
    "maxResTime" : 38964.0,
    "pct1ResTime" : 13563.999999999995,
    "pct2ResTime" : 24215.59999999999,
    "pct3ResTime" : 28343.399999999987,
    "throughput" : 227.14092402861007,
    "receivedKBytesPerSec" : 8411.51662461472,
    "sentKBytesPerSec" : 149.68991303670768
  },
  "Home Page" : {
    "transaction" : "Home Page",
    "sampleCount" : 1521,
    "errorCount" : 131,
    "errorPct" : 8.612755,
    "meanResTime" : 17887.61669953978,
    "medianResTime" : 20970.0,
    "minResTime" : 1034.0,
    "maxResTime" : 38964.0,
    "pct1ResTime" : 27773.6,
    "pct2ResTime" : 28701.3,
    "pct3ResTime" : 31035.26,
    "throughput" : 32.66963077517882,
    "receivedKBytesPerSec" : 4005.1254795868504,
    "sentKBytesPerSec" : 68.31373202472238
  },
  "Page Returning 404" : {
    "transaction" : "Page Returning 404",
    "sampleCount" : 626,
    "errorCount" : 3,
    "errorPct" : 0.47923324,
    "meanResTime" : 1389.9520766773157,
    "medianResTime" : 1276.0,
    "minResTime" : 240.0,
    "maxResTime" : 6196.0,
    "pct1ResTime" : 2175.9,
    "pct2ResTime" : 2737.65,
    "pct3ResTime" : 5319.770000000002,
    "throughput" : 16.393442622950822,
    "receivedKBytesPerSec" : 183.46207031863773,
    "sentKBytesPerSec" : 6.755379916723406
  }
}